{
    "Riccardo Fantinel": {
        "idx": 0,
        "name": "Riccardo",
        "surname": "Fantinel",
        "id": "e15774b78a034cb83e28375afee1b65ebecd3cf76b6bfd5ed8cf417ae436f842",
        "games": [
            1,
            1,
            1,
            1,
            1,
            0,
            1,
            1,
            1,
            1,
            0,
            1,
            0,
            0,
            1,
            1,
            1,
            0,
            0,
            1,
            0,
            1,
            1,
            1,
            0,
            0,
            1
        ],
        "n_game": [
            0,
            1,
            2,
            3,
            4,
            5,
            6,
            7,
            8,
            9,
            10,
            11,
            12,
            13,
            14,
            15,
            16,
            17,
            18,
            19,
            20,
            21,
            22,
            23,
            24,
            25,
            26
        ],
        "ranking_score": [],
        "mu": 1026.138719544722,
        "sigma": 60.999428133041874,
        "ranking_mu": [
            1004.7058823529412,
            1008.8888888888889,
            1012.6315789473684,
            1016.6315789473684,
            1020.4411027568923,
            1016.6229209387104,
            1019.9355503382964,
            1023.261307914054,
            1026.1764217856896,
            1028.7675149030986,
            1025.674641726892,
            1028.1733107597227,
            1024.8897703436958,
            1022.2092802576501,
            1024.3855403830187,
            1026.5124425189952,
            1029.005345170652,
            1026.2196923400948,
            1023.5320913748168,
            1025.748004842956,
            1023.2635036697565,
            1025.0693343850342,
            1027.0579746769542,
            1028.8219236210746,
            1026.5491367055934,
            1024.5388588744734,
            1026.138719544722
        ],
        "ranking_sigma": [
            97.01425001453319,
            94.28090415820634,
            91.76629354822471,
            89.44271909999159,
            87.28715609439696,
            85.28028654224418,
            83.40576562282992,
            81.64965809277261,
            80.0,
            78.44645405527362,
            76.98003589195011,
            75.59289460184546,
            74.27813527082075,
            73.02967433402216,
            71.84212081070997,
            70.71067811865477,
            69.63106238227915,
            68.59943405700355,
            67.61234037828135,
            66.66666666666669,
            65.75959492214294,
            64.88856845230504,
            64.05126152203488,
            63.245553203367606,
            62.46950475544244,
            61.721339984836774,
            60.999428133041874
        ],
        "complete_name": "Riccardo Fantinel"
    },
    "Pietro Dicarlo": {
        "idx": 1,
        "name": "Pietro",
        "surname": "Dicarlo",
        "id": "f6aff68925b27c636e1381e6436390be201c45874564e5e73b963b12f93d78ca",
        "games": [
            1,
            1,
            1,
            0,
            0,
            1,
            0,
            0,
            0,
            1,
            1,
            0,
            0,
            1,
            0,
            1,
            0,
            1,
            0,
            0,
            1,
            1,
            0,
            0,
            0,
            1,
            0
        ],
        "n_game": [
            0,
            1,
            2,
            3,
            4,
            5,
            6,
            7,
            8,
            9,
            10,
            11,
            12,
            13,
            14,
            15,
            16,
            17,
            18,
            19,
            20,
            21,
            22,
            23,
            24,
            25,
            26
        ],
        "ranking_score": [],
        "mu": 995.6842336937692,
        "sigma": 60.999428133041874,
        "ranking_mu": [
            1004.7058823529412,
            1008.8888888888889,
            1012.6315789473684,
            1008.6315789473684,
            1004.8220551378446,
            1008.6402369560265,
            1005.3276075564405,
            1002.0018499806829,
            999.0867361090473,
            1001.6778292264562,
            1004.7707024026627,
            1002.2720333698321,
            998.9884929538053,
            1001.668983039851,
            999.4927229144824,
            1001.619625050459,
            999.1267223988021,
            1001.9123752293593,
            999.2247742640814,
            997.0088607959419,
            999.4933619691416,
            1001.2991926844193,
            999.3105523924993,
            997.546603448379,
            995.2738165328979,
            997.2840943640178,
            995.6842336937692
        ],
        "ranking_sigma": [
            97.01425001453319,
            94.28090415820634,
            91.76629354822471,
            89.44271909999159,
            87.28715609439696,
            85.28028654224418,
            83.40576562282992,
            81.64965809277261,
            80.0,
            78.44645405527362,
            76.98003589195011,
            75.59289460184546,
            74.27813527082075,
            73.02967433402216,
            71.84212081070997,
            70.71067811865477,
            69.63106238227915,
            68.59943405700355,
            67.61234037828135,
            66.66666666666669,
            65.75959492214294,
            64.88856845230504,
            64.05126152203488,
            63.245553203367606,
            62.46950475544244,
            61.721339984836774,
            60.999428133041874
        ],
        "complete_name": "Pietro Dicarlo"
    },
    "Luca Da Re": {
        "idx": 2,
        "name": "Luca",
        "surname": "Da Re",
        "id": "15d6a21fe6cf26989e953e20d437846a4466095b5d8e194910775e959bc6404d",
        "games": [
            0,
            0,
            0,
            0,
            1,
            1,
            1,
            0,
            1,
            0,
            1,
            1,
            1,
            1,
            1,
            0,
            0,
            0,
            1,
            0,
            0,
            0,
            0,
            1,
            1,
            1,
            1
        ],
        "n_game": [
            0,
            1,
            2,
            3,
            4,
            5,
            6,
            7,
            8,
            9,
            10,
            11,
            12,
            13,
            14,
            15,
            16,
            17,
            18,
            19,
            20,
            21,
            22,
            23,
            24,
            25,
            26
        ],
        "ranking_score": [],
        "mu": 999.4729841543909,
        "sigma": 60.999428133041874,
        "ranking_mu": [
            995.2941176470588,
            991.1111111111111,
            987.3684210526316,
            983.3684210526316,
            987.1779448621554,
            990.9961266803373,
            994.3087560799232,
            990.9829985041656,
            993.8981123758012,
            991.3070192583923,
            994.3998924345988,
            996.8985614674293,
            1000.1821018834561,
            1002.8625919695018,
            1005.0388520948703,
            1002.9119499588937,
            1000.4190473072368,
            997.6333944766797,
            1000.3209954419576,
            998.1050819738182,
            995.6205808006185,
            993.8147500853408,
            991.8261097934209,
            993.5900587375412,
            995.8628456530223,
            997.8731234841423,
            999.4729841543909
        ],