{
    "Riccardo Fantinel": {
        "idx": 0,
        "name": "Riccardo",
        "surname": "Fantinel",
        "id": "e15774b78a034cb83e28375afee1b65ebecd3cf76b6bfd5ed8cf417ae436f842",
        "games": [
            1,
            1,
            1,
            1,
            1,
            0,
            1,
            1,
            1,
            1,
            0,
            1,
            0,
            0,
            1,
            1,
            1,
            0,
            0,
            1,
            0,
            1,
            1,
            1
        ],
        "n_game": [
            0,
            1,
            2,
            3,
            4,
            5,
            6,
            7,
            8,
            9,
            10,
            11,
            12,
            13,
            14,
            15,
            16,
            17,
            18,
            19,
            20,
            21,
            22,
            23
        ],
        "ranking_score": [],
        "mu": 1057.0509921389241,
        "sigma": 63.245553203367606,
        "ranking_mu": [
            1005.8823529411765,
            1015.0326797385621,
            1029.1881664946682,
            1032.6719986240112,
            1036.6904188576016,
            1031.9213754082175,
            1037.7010638987351,
            1042.3719988875825,
            1050.1200890239638,
            1065.7327969578953,
            1064.5385137869202,
            1075.4092396500175,
            1054.6961139828775,
            1051.5785388386853,
            1067.2228985397057,
            1078.0318212163727,
            1082.8293762734675,
            1063.7137867467395,
            1049.849046853087,
            1052.018000356688,
            1040.7969481536434,
            1048.9870881005872,
            1050.6728724234615,
            1057.0509921389241
        ],
        "ranking_sigma": [
            97.01425001453319,
            94.28090415820634,
            91.76629354822471,
            89.44271909999159,
            87.28715609439696,
            85.28028654224418,
            83.40576562282992,
            81.64965809277261,
            80.0,
            78.44645405527362,
            76.98003589195011,
            75.59289460184546,
            74.27813527082075,
            73.02967433402216,
            71.84212081070997,
            70.71067811865477,
            69.63106238227915,
            68.59943405700355,
            67.61234037828135,
            66.66666666666669,
            65.75959492214294,
            64.88856845230504,
            64.05126152203488,
            63.245553203367606
        ],
        "complete_name": "Riccardo Fantinel"
    },
    "Pietro Dicarlo": {
        "idx": 1,
        "name": "Pietro",
        "surname": "Dicarlo",
        "id": "f6aff68925b27c636e1381e6436390be201c45874564e5e73b963b12f93d78ca",
        "games": [
            1,
            1,
            1,
            0,
            0,
            1,
            0,
            0,
            0,
            1,
            1,
            0,
            0,
            1,
            0,
            1,
            0,
            1,
            0,
            0,
            1,
            1,
            0,
            0
        ],
        "n_game": [
            0,
            1,
            2,
            3,
            4,
            5,
            6,
            7,
            8,
            9,
            10,
            11,
            12,
            13,
            14,
            15,
            16,
            17,
            18,
            19,
            20,
            21,
            22,
            23
        ],
        "ranking_score": [],
        "mu": 1000.3806386042959,
        "sigma": 63.245553203367606,
        "ranking_mu": [
            1005.8823529411765,
            1015.0326797385621,
            1029.1881664946682,
            1025.7043343653252,
            1021.3541205956068,
            1026.8202685114452,
            1020.8187927645462,
            1015.4444298117743,
            1006.6192369123607,
            1023.9050545428923,
            1026.6485133588676,
            1014.4245731947683,
            991.6085279946886,
            996.8290226718204,
            979.4185495460624,
            992.9713581287808,
            985.596213281153,
            1007.5716017194196,
            992.1027993964151,
            988.3297834634623,
            1001.2721388257831,
            1010.5024053339866,
            1007.8298342735072,
            1000.3806386042959
        ],
        "ranking_sigma": [
            97.01425001453319,
            94.28090415820634,
            91.76629354822471,
            89.44271909999159,
            87.28715609439696,
            85.28028654224418,
            83.40576562282992,
            81.64965809277261,
            80.0,
            78.44645405527362,
            76.98003589195011,
            75.59289460184546,
            74.27813527082075,
            73.02967433402216,
            71.84212081070997,
            70.71067811865477,
            69.63106238227915,
            68.59943405700355,
            67.61234037828135,
            66.66666666666669,
            65.75959492214294,
            64.88856845230504,
            64.05126152203488,
            63.245553203367606
        ],
        "complete_name": "Pietro Dicarlo"
    },
    "Luca Da Re": {
        "idx": 2,
        "name": "Luca",
        "surname": "Da Re",
        "id": "15d6a21fe6cf26989e953e20d437846a4466095b5d8e194910775e959bc6404d",
        "games": [
            0,
            0,
            0,
            0,
            1,
            1,
            1,
            0,
            1,
            0,
            1,
            1,
            1,
            1,
            1,
            0,
            0,
            0,
            1,
            0,
            0,
            0,
            0,
            1
        ],
        "n_game": [
            0,
            1,
            2,
            3,
            4,
            5,
            6,
            7,
            8,
            9,
            10,
            11,
            12,
            13,
            14,
            15,
            16,
            17,
            18,
            19,
            20,
            21,
            22,
            23
        ],
        "ranking_score": [],
        "mu": 990.6987308708877,
        "sigma": 63.245553203367606,
        "ranking_mu": [
            994.1176470588235,
            984.3137254901961,
            968.5414516683867,
            962.0252837977297,
            969.4078333087622,
            977.2351761012752,
            985.3925254312251,
            978.5420680062315,
            988.8433553778667,
            970.8738499960084,
            975.5814274989053,
            989.6291921580032,
            1013.3002504972817,
            1017.7976877576605,
            1034.5317523322624,
            1022.7012313366128,
            1016.2269917377072,
            995.1525085481627,
            1010.9761421046317,
            1007.7273856913515,
            995.3092898487033,
            985.9221062621557,
            982.6192711229114,
            990.6987308708877
        ],